candidate_id,split,type,question,reference_answer,style,typo,review_reason,document_ids,document_titles,contexts,quotes,urls
s31-a0,test,abstract,Что характерно для Ровиня и Риги по отношению к транспорту и достопримечательностям?,Транспорт в Ровине небольшой и везде можно легко добраться пешком. В Риге также есть хорошие велосипедные дорожки и доступные велосипеды.,разговорный,False,норм,"[""03a7b3795e13f6c74bd9"", ""07c91d20d4c823094b5b""]","[""Ровинь"", ""Рига""]","[""| name= Автостанция | alt= | image=\n| address= | directions=\n| url= | facebook= | vkontakte=\n| phone= | email= \n| hours= | price=\n| lastedit=2019-12-02\n| description=\n}}\n\n'''На корабле:''' скоростные катамараны [https://venezialines.com Venezia Lines] ходят в [[Венеция|Венецию]] — в июле и августе практически каждый день, а в мае, июне и сентябре — в среднем через день или чуть реже. Время в пути: 3.5-4 ч, билет стоит €70-80 (2020). Кроме того, через день курсируют суда [https://eng.libertylines.it LibertyLines]{{Недоступная ссылка|date=ноября 2023 |bot=InternetArchiveBot |fix-attempted=yes }} в [[Триест]] через словенский [[Пиран]]. Время в пути: около 2 ч, билет стоит €21.\n\n{{listing|type=go| lat=45.08381 | long=13.63326 |wdid=\n| name= Порт | alt= | image=\n| address= | directions=\n| url= http://port-rovinj.hr | facebook= | vkontakte=\n| phone= | email= \n| hours= | price=\n| lastedit=2019-12-02\n| description=\n}}\n\n'''На машине:''' до [[Пула|Пулы]] 35 км, причём быстрее ехать местной дорогой, не выезжая на автобан. В северном направлении [[Пореч]] (35 км), до словенской границы 70 км. До [[Риека|Риеки]] 95 км.\n\n==Транспорт==\nСтарый город и его окрестности на самом деле небольшие и везде можно легко добраться пешком. Прокат велосипедов стоит совсем недорого и есть очень хорошие велосипедные дорожки вверх и вниз по побережью.\n\n==Достопримечательности==\n{{listing|type=see |lat=45.08315 |long=13.63098 |wdid= Q2485753\n|name=Кафедральный собор Святой Евфимии |alt=Crkva sv. Eufemije |image= Rovinj 20151015 DSC 3533.jpg\n|address= |directions= |url= |facebook= |vkontakte= |phone=\n|hours= |price= \n"", ""| email=\n| hours= | price=\n| lastedit=2017-11-23\n| description=\n}} \n{{listing|type=see| lat=56.949473 | long=24.108006 | wdid=Q2568596\n| name=Малая Гильдия | alt=Mazā ģilde | image=\n| address= | directions=\n| url=http://www.gilde.lv/maza/ | facebook= | vkontakte=\n| phone=\n| email=\n| hours= | price=\n| lastedit=2019-11-05\n| description=\n}} \n{{listing|type=see| lat=56.950305 | long=24.104310 | wdid=Q282196\n| name=Три Брата | alt=Trīs brāļi | image=\n| address= | directions=\n| url=http://www.archmuseum.lv/en/building.htm | facebook= | vkontakte=\n| phone=\n| email=\n| hours= | price=\n| lastedit=2019-11-05\n| description=\n}} \n{{listing|type=see| lat=56.947903 | long=24.104482 | wdid=Q4155892\n| name=Дворец (дом) Петра Первого | alt=Pētera I nams (palasts) | image=\n| address= | directions=\n| url= | facebook= | vkontakte=\n| phone=\n| email=\n| hours= | price=\n| lastedit=2020-02-03\n| description=\n}} \n{{listing|type=see| lat=56.950170 | long=24.108493 | wdid=Q2533242\n| name=Дом с чёрными котами | alt=Kaķu nams | image=\""Кошкин дом\"". - panoramio.jpg\n| address=Meistaru iela 7-11 | directions=\n| url= | facebook= | vkontakte=\n| phone=\n| email=\n| hours= | price=\n| lastedit=2019-10-31\n| description=\n}} \n{{listing|type=see| lat=56.951138 | long=24.108547 | wdid=Q186097\n| name=Пороховая башня | alt=Pulvertornis | image=\n| address=Smilšu iela 20 | directions=\n| url=http://www.karamuzejs.lv/lkm/home.aspx?sc_lang=ru | facebook= | vkontakte=\n| phone=\n| email=\n| hours= | price=\n| lastedit=2020-02-09\n| description=\n}}\n{{listing|type=see| lat=56.951583 | long=24.107456 | wdid=Q4537025\n| name=Казармы Екаба | alt=Jēkaba kazarma | image=\n| address= | directions=\n| url= | facebook= | vkontakte=\n| phone=\n| email=\n| hours= | price=\n| lastedit=2020-02-10\n| description=\n}}\n""]","[""Старый город и его окрестности на самом деле небольшие и везде можно легко добраться пешком. Прокат велосипедов стоит совсем недорого и есть очень хорошие велосипедные дорожки вверх и вниз по побережью."", ""{{listing|type=see| lat=56.949473 | long=24.108006 | wdid=Q2568596\n| name=Малая Гильдия | alt=Mazā ģilde | image=\n| address= | directions=\n| url=http://www.gilde.lv/maza/ | facebook= | vkontakte=\n| phone=\n| email=\n| hours= | price=\n| lastedit=2019-11-05\n| description=\n}}""]","[""https://ru.wikivoyage.org/wiki/%D0%A0%D0%BE%D0%B2%D0%B8%D0%BD%D1%8C"", ""https://ru.wikivoyage.org/wiki/%D0%A0%D0%B8%D0%B3%D0%B0""]"
s35-a2,test,abstract,Какие типы зданий характерны для Альметьевском района?,"Культурное наследие Альметьевского района включает здания складов и фабричных цехов, а также мечети и церкви.",разговорный,False,норм,"[""0a92829ec5719399d27e"", ""080944003ef672aa6ac2""]","[""Культурное наследие России/Татарстан/Кукморский район"", ""Культурное наследие России/Татарстан/Альметьевский район""]","[""|lat= 56.188385 |long= 50.883558 |precise= yes\n|name= Дом владельца фабрики С.В. Комарова\n|knid= 1630637000\n|knid-new= \n|region= ru-ta |district= Кукморский район\n|municipality= Кукмор |munid= Q1274263\n|address= улица Ворошилова, 6\n|year= 1870-е гг. |author= \n|description= \n|image= Дом_владельца фабрики С.В. Комарова (7).jpg\n|wdid= \n|wiki= \n|commonscat= |protection= В\n|link= \n|document= vyavl\n}}\n{{monument |type=architecture\n|lat= |long= |precise=\n|name=Здание складов Комаровых |knid=1630638000\n|region=ru-ta |district=Кукморский район\n|municipality=Кукмор |munid=Q1274263\n|address=улица Ворошилова, 8\n|year=1870-е гг.\n|description=\n|image=\n|wdid= |wiki=\n|commonscat=\n|link= |protection=В |document=d27032018\n}}\n{{monument |type=architecture\n|lat= |long= |precise=\n|name=Здание склада валяльной фабрики братьев Комаровых |knid=1630639000\n|region=ru-ta |district=Кукморский район\n|municipality=Кукмор |munid=Q1274263\n|address=улица Ворошилова, 10\n|year=1870-е гг.\n|description=\n|image=\n|wdid= |wiki=\n|commonscat=\n|link= |protection=В |document=vyavl\n}}\n{{monument |type= architecture |status= \n|lat= 56.186920 |long= 50.888932 |precise= yes\n|name= Валяльная фабрика Родигиных\n|knid= 1630624000\n|knid-new= 161610745980005\n|region= ru-ta |district= Кукморский район\n|municipality= Кукмор |munid= Q1274263\n|address= улица Ленина, 8\n|year= 1870-е гг. |author= \n|description= \n|image= Кукморский краеведческий музей 03.jpg\n|wdid= Q65298659\n|wiki= Кукморский краеведческий музей\n|commonscat= Kukmor local museum |protection= Р\n|link= \n|document= d23071997\n}}\n{{monument |type= architecture |status= \n|lat= |long= |precise= no\n|name= Здание цехов валяльной фабрики Родигиных\n|knid= 1630640000\n|knid-new= 162411430040005\n|region= ru-ta |district= Кукморский район\n|municipality= Кукмор |munid= Q1274263\n"", ""{{monument-title|region=ru-ta|lat=54.9559|long=52.0917|zoom=10|districtid=Q2723449}}\n==Альметьевск==\n{{monument |type= architecture |status= \n|lat= 54.911190 |long= 52.342781 |precise= yes\n|name= Соборная мечеть\n|knid= 1600000139\n|knid-new= 161410048700005\n|region= ru-ta |district= Альметьевск\n|municipality= Альметьевск |munid= Q103483\n|address= Советская улица, 71\n|year= 1872 г. |author= \n|description= \n|image= Сбоку7.jpg\n|wdid= \n|wiki= \n|commonscat= Almetyevsk Cathedral Mosque |protection= Р\n|link= \n|document= d15041993\n}}\n\n==Альметьевский район==\n{{monument |type= architecture |status= \n|lat= |long= |precise= no\n|name= Никольская церковь\n|knid= 1630241000\n|knid-new= \n|region= ru-ta |district= Альметьевский район\n|municipality= Верхний Акташ |munid= Q13208473\n|address= \n|year= 1880 г. |author= \n|description= \n|image= 0YvZ2cq2tbA.jpg\n|wdid= \n|wiki= \n|commonscat= Saint Nicholas church (Verkhny Aktash) |protection= В\n|link= \n|document= vyavl\n}}\n{{monument |type= architecture |status= \n|lat= |long= |precise= no\n|name= Мечеть\n|knid= 1630242000\n|knid-new= \n|region= ru-ta |district= Альметьевский район\n|municipality= Елхово |munid= \n|address= \n|year= 1880 г. |author= \n|description= \n|image= Мечеть_Елхово Альметьевский район.jpg\n|wdid= \n|wiki= \n|commonscat= Elhovo Mosque |protection= В\n|link= \n|document= vyavl\n}}\n{{monument |type= architecture |status= \n|lat= |long= |precise= no\n|name= Покровская церковь\n|knid= 1630243000\n|knid-new= 161410046880005\n|region= ru-ta |district= Альметьевский район\n|municipality= Кичуй |munid= Q19904956\n|address= улица Центральная, 81\n|year= 1892 г. |author= \n|description= \n|image= IWSZ7h2C_Bs.jpg\n|wdid= \n|wiki= \n|commonscat= Church of the Protection of the Theotokos (Kichuy) |protection= Р\n|link= \n|document= d02081990\n}}\n""]","[""Здание складов Комаровых"", ""Соборная мечеть""]","[""https://ru.wikivoyage.org/wiki/%D0%9A%D1%83%D0%BB%D1%8C%D1%82%D1%83%D1%80%D0%BD%D0%BE%D0%B5_%D0%BD%D0%B0%D1%81%D0%BB%D0%B5%D0%B4%D0%B8%D0%B5_%D0%A0%D0%BE%D1%81%D1%81%D0%B8%D0%B8/%D0%A2%D0%B0%D1%82%D0%B0%D1%80%D1%81%D1%82%D0%B0%D0%BD/%D0%9A%D1%83%D0%BA%D0%BC%D0%BE%D1%80%D1%81%D0%BA%D0%B8%D0%B9_%D1%80%D0%B0%D0%B9%D0%BE%D0%BD"", ""https://ru.wikivoyage.org/wiki/%D0%9A%D1%83%D0%BB%D1%8C%D1%82%D1%83%D1%80%D0%BD%D0%BE%D0%B5_%D0%BD%D0%B0%D1%81%D0%BB%D0%B5%D0%B4%D0%B8%D0%B5_%D0%A0%D0%BE%D1%81%D1%81%D0%B8%D0%B8/%D0%A2%D0%B0%D1%82%D0%B0%D1%80%D1%81%D1%82%D0%B0%D0%BD/%D0%90%D0%BB%D1%8C%D0%BC%D0%B5%D1%82%D1%8C%D0%B5%D0%B2%D1%81%D0%BA%D0%B8%D0%B9_%D1%80%D0%B0%D0%B9%D0%BE%D0%BD""]"
s22-a0,test,composite,Какие музеи расположены в Билефельде и какие есть в Карфагне?,В Билефельде есть музеи: Исторический музей и Музей Хюльсман. В Карфагне есть археологический музей.,формальный,False,норм,"[""02459122716b37f93028"", ""0a1373d290b358f9824a""]","[""Билефельд"", ""Карфаген""]","[""| name=Исторический музей | alt=Historisches Museum | image=Historisches Museum Bielefeld2014.JPG\n| address=Ravensberger Park 2 | directions=\n| url=https://www.historisches-museum-bielefeld.de/ | facebook= | vkontakte=\n| phone=\n| email=\n| hours={{hours|Вт|Пт|10||17|}}, {{hours|Сб|Вс|11||18|}} | price=6€\n| lastedit=2019-11-18\n| description=Собрание в основном посвящено индустриализации Билефельда, со всякими экспонатами вроде швейных машинок и велосипедов.\n}}\n{{listing|type=do| lat=52.022437 | long=8.545770 | wdid=Q1924812\n| name=Музей Хюльсман | alt=Museum Huelsmann | image=2013-11-16 MuseumHuelsmann Bielefeld.jpg\n| address=Ravensberger Park 3 | directions=\n| url=https://www.museumhuelsmann.de/ | facebook= | vkontakte=\n| phone=\n| email=\n| hours={{hours|Ср|Сб|14||18|}}, {{hours|Вс||11||18|}} | price=7€\n| lastedit=2019-11-19\n| description=Собрание прикладного искусства от эпохи Возрождения до XX века. Занимает несколько зданий, основное из которых — вилла, когда-то принадлежавшая директору текстильной фабрики.\n}}\n\n==Покупки==\n\n==Еда==\n\n===Дёшево===\n\n===Средней стоимости===\n{{listing|type=eat| lat=52.019854 | long=8.532783 | wdid=\n| name=M Kaffee | alt= | image=\n| address=Gehrenberg 7-9 | directions=центр\n| url= | facebook= | vkontakte=\n| phone=\n| email=\n| hours= | price=\n| lastedit=2019-11-19\n| description=Хорошая сетевая кофейня в самом центре, открыта с раннего утра до не очень позднего вечера\n}}\n{{listing|type=eat| lat=52.019397 | long=8.527763 | wdid=\n| name=L'Osteria Bielefeld | alt= | image=\n| address=Obernstraße 53-55 | directions=центр\n| url= | facebook= | vkontakte=\n| phone=\n| email=\n| hours= | price=\n| lastedit=2019-11-18\n| description=Сетевой итальянский ресторан, хорошее качество.\n}}\n\n===Дорого===\n\n==Ночная жизнь==\n\n==Где остановиться==\n\n===Дёшево===\n\n"", ""}}\n{{listing|type=see| lat=36.8565 | long=10.3152 | wdid=\n| name=Римский амфитеатр | alt= | image=\n| address= | directions=\n| url= | facebook= | vkontakte=\n| phone= | email= | skype=\n| hours= | price=\n| lastedit=2016-04-16\n| description=\n}}\n{{listing|type=see| lat=36.85117 | long=10.33128 | wdid=\n| name=Квартал Магон | alt= | image=\n| address= | directions=\n| url= | facebook= | vkontakte=\n| phone= | email= | skype=\n| hours= | price=\n| lastedit=2016-04-16\n| description=\n}}\n{{listing|type=see| lat=36.8397 | long=10.3240 | wdid=\n| name=Квартал Саламбо | alt= | image=\n| address= | directions=\n| url= | facebook= | vkontakte=\n| phone= | email= | skype=\n| hours= | price=\n| lastedit=2016-04-16\n| description=\n}}\n{{listing|type=see| lat=36.8413 | long=10.3231 | wdid=\n| name=Тофет | alt= | image=\n| address= | directions=квартал Саламбо\n| url= | facebook= | vkontakte=\n| phone= | email= | skype=\n| hours= | price=\n| lastedit=2016-04-16\n| description=\n}}\n\n==Чем заняться==\n{{listing|type=do| lat=36.8533 | long=10.3241 | wdid=\n| name=Национальный археологический музей | alt= | image=\n| address= | directions=холм Бирса\n| url= | facebook= | vkontakte=\n| phone= | email= | skype=\n| hours= | price=\n| lastedit=2016-04-16\n| description=\n}}\n{{listing|type=do| lat=36.843296 | long=10.325706 | wdid=\n| name=Океанографический музей | alt= | image=\n| address= | directions=\n| url= | facebook= | vkontakte=\n| phone= | email= | skype=\n| hours= | price=\n| lastedit=2017-05-02\n| description=\n}}\n\n==Покупки==\n\n==Еда==\n\n===Дёшево===\n\n===Средней стоимости===\n\n===Дорого===\n\n==Ночная жизнь==\n\n==Где остановиться==\n\n===Дёшево===\n\n===Средней стоимости===\n\n===Дорого===\n\n==Связь==\n\n==Меры предосторожности==\n\n==Окрестности==\n{{cityitem\n|name=Сиди-Бу-Саид\n|image=Sidi Bou Said 2.jpg\n|caption=\n""]","[""Собрание в основном посвящено индустриализации Билефельда, со всякими экспонатами вроде швейных машинок и велосипедов."", ""Национальный археологический музей""]","[""https://ru.wikivoyage.org/wiki/%D0%91%D0%B8%D0%BB%D0%B5%D1%84%D0%B5%D0%BB%D1%8C%D0%B4"", ""https://ru.wikivoyage.org/wiki/%D0%9A%D0%B0%D1%80%D1%84%D0%B0%D0%B3%D0%B5%D0%BD""]"
s02-a2,test,factual,Кто был автором архитектурных сооружений Дома купца Т. Бекчентаева и Женского медресе в Зайсанском районе Восточно-Казахстанской области?,Архитектор Б. Сатбаев,формальный,False,все правильно,"[""0539bf5bcd5d53b1915b""]","[""Культурное наследие Казахстана/Восточно-Казахстанская область/Зайсанский район""]","[""{{monument kz|type=architecture |status=\n|lat=47.472648 |long=84.883491 |precise=\n|name=Дом купца Т. Бекчентаева\n|knid=KZ-63-0048-00\n|region=kz-63 |district=Зайсанский район\n|municipality=Зайсан |munid=Q1881641\n|address=улица Сатпаева, 11\n|year= 1906-1907 гг. |author= архитектор Б. Сатбаев\n|description=\n|image=\n|wdid=\n|wiki=\n|commonscat= |protection=М\n|document=d20112023\n|kz_name=Көпес Т. Бекчентаевтың үйі\n}}\n{{monument kz|type=architecture |status=\n|lat=47.472844 |long=84.883796 |precise=\n|name=Женское медресе\n|knid=KZ-63-0042-00\n|region=kz-63 |district=Зайсанский район\n|municipality=Зайсан |munid=Q1881641\n|address=улица Сатпаева, 12\n|year= кон. XIX в. |author= архитектор Б. Сатбаев\n|description=\n|image=\n|wdid=\n|wiki=\n|commonscat= |protection=М\n|document=d20112023\n|kz_name=Әйелдер медресесі\n}}\n{{monument kz|type=architecture |status=\n|lat=47.475645 |long=84.880410 |precise=\n|name=Дом купца Х. Ерзина\n|knid=KZ-63-0054-00\n|region=kz-63 |district=Зайсанский район\n|municipality=Зайсан |munid=Q1881641\n|address=улица Сатпаева, 26\n|year= кон. XIX в. |description=\n|image=\n|wdid=\n|wiki=\n|commonscat= |protection=М\n|document=d20112023\n|kz_name=Көпес Х. Ерзиннің үйі\n}}\n{{monument kz|type=architecture |status=\n|lat=47.463731 |long=84.875119 |precise=\n|name=Дом купца Габдурасыла\n|knid=KZ-63-0051-00\n|region=kz-63 |district=Зайсанский район\n|municipality=Зайсан |munid=Q1881641\n|address=улица Шаймардана, 15\n|year= кон. XIX в. |author= архитектор Б. Сатбаев\n|description=\n|image=\n|wdid=\n|wiki=\n|commonscat= |protection=М\n|document=d20112023\n|kz_name=Көпес Ғабдырасылдың үйі\n}}\n{{monument kz|type=architecture |status=\n|lat=47.465138 |long=84.878595 |precise=\n|name=Магазин купца Т. Бекчентаева\n|knid=KZ-63-0049-00\n|region=kz-63 |district=Зайсанский район\n|municipality=Зайсан |munid=Q1881641\n""]","[""архитектор Б. Сатбаев""]","[""https://ru.wikivoyage.org/wiki/%D0%9A%D1%83%D0%BB%D1%8C%D1%82%D1%83%D1%80%D0%BD%D0%BE%D0%B5_%D0%BD%D0%B0%D1%81%D0%BB%D0%B5%D0%B4%D0%B8%D0%B5_%D0%9A%D0%B0%D0%B7%D0%B0%D1%85%D1%81%D1%82%D0%B0%D0%BD%D0%B0/%D0%92%D0%BE%D1%81%D1%82%D0%BE%D1%87%D0%BD%D0%BE-%D0%9A%D0%B0%D0%B7%D0%B0%D1%85%D1%81%D1%82%D0%B0%D0%BD%D1%81%D0%BA%D0%B0%D1%8F_%D0%BE%D0%B1%D0%BB%D0%B0%D1%81%D1%82%D1%8C/%D0%97%D0%B0%D0%B9%D1%81%D0%B0%D0%BD%D1%81%D0%BA%D0%B8%D0%B9_%D1%80%D0%B0%D0%B9%D0%BE%D0%BD""]"
s07-a0,test,factual,Где находится первое зесмкое училище в Удмуртии?,Первое земское училище находилось в Бураново,разговорный,True,правильно,"[""03036e7392c00d723267""]","[""Культурное наследие России/Удмуртия/Малопургинский район""]","[""{{monument-title|region=ru-ud|lat=56.5473|long=52.9956|zoom=10|districtid=Q639970}}\n\n{{monument |type=history\n|lat= |long= |precise=\n|name=Здание, где в первом земском училище преподавал основоположник удмуртской литературы Г. Г. Верещагин |knid=1800207000 |knid-new=181610421710005\n|region=ru-ud |district=Малопургинский район\n|municipality=Бураново |munid=Q474687\n|address=\n|year=1890 г.\n|description=\n|image=\n|wdid= |wiki=\n|commonscat=\n|link= |protection=Р |document=d25031991\n}}\n{{monument |type= architecture |status= \n|lat= 56.483590 |long= 52.788409 |precise= yes\n|name= Ильинская церковь\n|knid= 1800137000\n|knid-new= 181610421480005\n|region= ru-ud |district= Малопургинский район\n|municipality= Ильинское |munid= Q4199762\n|address= \n|year= нач. XX в. |author= \n|description= \n|image= Пророко-Ильинская церковь (село Ильинское).jpeg\n|wdid= Q110216754\n|wiki= \n|commonscat= |protection= Р\n|link= \n|temples= 12411\n|document= d14091984\n}}\n{{monument |type= architecture |status= \n|lat= 56.552143 |long= 53.005552 |precise= yes\n|name= Храм Михаила Архангела\n|knid= 1830086000\n|knid-new= 181610421720005\n|region= ru-ud |district= Малопургинский район\n|municipality= Малая Пурга |munid= Q2064670\n|address= ул.Советская,44\n|year= 1902 г. |author= арх-ры В.М. Дружинин, И.А. Чарушин\n|description= \n|image= Храм в Малой Пурге.JPG\n|wdid= Q110216755\n|wiki= \n|commonscat=  |protection= Р\n|link= http://mpurga.cerkov.ru/\n|linkextra= http://gasur.ru/databases/orthodox-churches-udmurtii/detail.php?ELEMENT_ID=5384&search=&BACK_URL=%2Fdatabases%2Forthodox-churches-udmurtii%2F%3FPAGEN_1%3D6\n|document= d17092001\n}}\n{{monument |type=archeology\n|lat= |long= |precise=\n|name=Городище «Бобья-Учинское» |knid=1810029000 |knid-new=181540330300006\n|region=ru-ud |district=Малопургинский район\n""]","[""где в первом земском училище преподавал основоположник удмуртской литературы Г. Г. Верещагин""]","[""https://ru.wikivoyage.org/wiki/%D0%9A%D1%83%D0%BB%D1%8C%D1%82%D1%83%D1%80%D0%BD%D0%BE%D0%B5_%D0%BD%D0%B0%D1%81%D0%BB%D0%B5%D0%B4%D0%B8%D0%B5_%D0%A0%D0%BE%D1%81%D1%81%D0%B8%D0%B8/%D0%A3%D0%B4%D0%BC%D1%83%D1%80%D1%82%D0%B8%D1%8F/%D0%9C%D0%B0%D0%BB%D0%BE%D0%BF%D1%83%D1%80%D0%B3%D0%B8%D0%BD%D1%81%D0%BA%D0%B8%D0%B9_%D1%80%D0%B0%D0%B9%D0%BE%D0%BD""]"
s43-a0,test,negative,В документе есть ли информация о крепостных воротах Палермо?,Недостаточно данных в корпусе,разговорный,False,норм,[],[],[],[],[]
s45-a1,test,negative,В тексте есть ли информация о WiFi в кафе или ресторанах?,Недостаточно данных в корпусе,разговорный,False,норм,[],[],[],[],[]
s30-a1,train,abstract,"Сравните архитектурные сооружения, построенные в конце XIX века в Мамско-Чуйском районе Иркутской области и Слюдянском районе Иркутской области.","Архитектурные сооружения в обоих районах Иркутской области были построены в конце XIX века, однако различия могут быть обусловлены местными особенностями и типами зданий.",формальный,False,норм,"[""02460413b5ac992ccf5c"", ""0ce69ccecee865f952a5""]","[""Культурное наследие России/Иркутская область/Мамско-Чуйский район"", ""Культурное наследие России/Иркутская область/Слюдянский район""]","[""|region=ru-irk |district=Мамско-Чуйский район\n|municipality=Садки |munid=Q13648871\n|address=\n|year=кон. ХIХ в.\n|description=\n|image=\n|wdid= |wiki=\n|commonscat=\n|link= |protection=В |document=d14022017\n}}\n{{monument |type=architecture\n|lat= |long= |precise=\n|name=Амбар Спирина А.Р. |knid=3831523000\n|region=ru-irk |district=Мамско-Чуйский район\n|municipality=Чуя |munid=Q13648869\n|address=Луговая улица, 25\n|year=сер. ХIХ в.\n|description=\n|image=\n|wdid= |wiki=\n|commonscat=\n|link= |protection=В |document=d14022017\n}}\n{{monument |type=architecture\n|lat= |long= |precise=\n|name=Жилой дом Гудкова Л.Ю. |knid=3831524000\n|region=ru-irk |district=Мамско-Чуйский район\n|municipality=Чуя |munid=Q13648869\n|address=Луговая улица, 27\n|year=кон. ХIХ в.\n|description=\n|image=\n|wdid= |wiki=\n|commonscat=\n|link= |protection=В |document=d14022017\n}}\n{{monument |type=architecture\n|lat= |long= |precise=\n|name=Жилой дом Залуцкой Д.П. |knid=3831525000\n|region=ru-irk |district=Мамско-Чуйский район\n|municipality=Чуя |munid=Q13648869\n|address=Луговая улица\n|year=кон. ХIХ в.\n|description=\n|image=\n|wdid= |wiki=\n|commonscat=\n|link= |protection=В |document=d14022017\n}}\n{{monument |type= history |status= \n|lat= |long= |precise= no\n|name= Обелиск партизанам, погибшим в годы Гражданской войны, установленный на месте гибели\n|knid= 3831526000\n|knid-new= \n|region= ru-irk |district= Мамско-Чуйский район\n|municipality= |munid= \n|address= Каменный остров, на реке Витим, в 10 км выше п. Мама\n|year= 1919 г., 1972 г. |author= \n|description= \n|image= \n|wdid= \n|wiki= \n|commonscat= |protection= В\n|link= \n|document= d14022017\n}}\n\n==Документы==\n{{monument-documents|region=ru-irk|d14022017}}\n{{footer|type=Наследие}}"", ""|year= посл. треть XIX в.\n|image= \n|wiki= |wdid= \n|commonscat= |protection= В\n|link= |document= d14022017\n}}\n{{monument |type= architecture\n|lat= |long= |precise= \n|name= Жилой дом Т.А. Лифантьева |knid= 3830128000 \n|region= ru-irk |district= Слюдянский район\n|municipality= Тибельти |munid= Q4457033\n|address= Запесочная улица, 10\n|year= кон. XIX - нач. XX вв.\n|image= \n|wiki= |wdid= \n|commonscat= |protection= В\n|link= |document= d14022017\n}}\n{{monument |type= architecture |status= \n|lat=  |long=  |precise= no\n|name= Здание школы\n|knid= 3830125000\n|knid-new= 382311384790005\n|region= ru-irk |district= Слюдянский район\n|municipality= Тибельти |munid= Q4457033\n|address= Набережная улица, 5\n|year= нач. ХХ в. |author= \n|description= \n|image= \n|wdid= \n|wiki= \n|commonscat=  |protection= Р\n|link= \n}}\n\n==У==\n{{monument |type= architecture |status= \n|lat=  |long=  |precise= no\n|name= Жилой дом, построенный по образцовому проекту № 8\n|knid= 3830130000\n|knid-new= 382311384760005\n|region= ru-irk |district= Слюдянский район\n|municipality= Утулик |munid= Q13636560\n|address= Железнодорожная улица, 15 (Привокзальная улица, 15)\n|year= 1905 г. |author= \n|description= \n|image= \n|wdid= \n|wiki= \n|commonscat=  |protection= Р\n|link= \n}}\n{{monument |type= architecture\n|lat= |long= |precise= \n|name= Жилой дом |knid= 3830131000 \n|region= ru-irk |district= Слюдянский район\n|municipality= ж/д станция «Утулик» |munid= Q13636560\n|address= Железнодорожная улица, 16 (Привокзальная улица, 17)\n|year= 1900-е гг.\n|image= \n|wiki= |wdid= \n|commonscat= |protection= В\n|link= |document= d14022017\n}}\n{{monument |type= architecture |status= \n|lat= |long= |precise= no\n|name= Путевая казарма\n|knid= 3830132000\n|knid-new= 382311384780005\n|region= ru-irk |district= Слюдянский район\n""]","[""{{monument |type=architecture\n|lat= |long= |precise=\n|name=Амбар Спирина А.Р. |knid=3831523000\n|region=ru-irk |district=Мамско-Чуйский район\n|municipality=Чуя |munid=Q13648869\n|address=Луговая улица, 25\n|year=сер. ХIХ в.\n|description=\n|image=\n|wdid= |wiki=\n|commonscat=\n|link= |protection=В |document=d14022017\n}}"", ""{{monument |type= architecture\n|lat= |long= |precise= \n|name= Жилой дом Т.А. Лифантьева |knid= 3830128000 \n|region= ru-irk |district= Слюдянский район\n|municipality= Тибельти |munid= Q4457033\n|address= Запесочная улица, 10\n|year= кон. XIX - нач. XX вв.\n|image= \n|wiki= |wdid= \n|commonscat= |protection= В\n|link= |document= d14022017\n}}""]","[""https://ru.wikivoyage.org/wiki/%D0%9A%D1%83%D0%BB%D1%8C%D1%82%D1%83%D1%80%D0%BD%D0%BE%D0%B5_%D0%BD%D0%B0%D1%81%D0%BB%D0%B5%D0%B4%D0%B8%D0%B5_%D0%A0%D0%BE%D1%81%D1%81%D0%B8%D0%B8/%D0%98%D1%80%D0%BA%D1%83%D1%82%D1%81%D0%BA%D0%B0%D1%8F_%D0%BE%D0%B1%D0%BB%D0%B0%D1%81%D1%82%D1%8C/%D0%9C%D0%B0%D0%BC%D1%81%D0%BA%D0%BE-%D0%A7%D1%83%D0%B9%D1%81%D0%BA%D0%B8%D0%B9_%D1%80%D0%B0%D0%B9%D0%BE%D0%BD"", ""https://ru.wikivoyage.org/wiki/%D0%9A%D1%83%D0%BB%D1%8C%D1%82%D1%83%D1%80%D0%BD%D0%BE%D0%B5_%D0%BD%D0%B0%D1%81%D0%BB%D0%B5%D0%B4%D0%B8%D0%B5_%D0%A0%D0%BE%D1%81%D1%81%D0%B8%D0%B8/%D0%98%D1%80%D0%BA%D1%83%D1%82%D1%81%D0%BA%D0%B0%D1%8F_%D0%BE%D0%B1%D0%BB%D0%B0%D1%81%D1%82%D1%8C/%D0%A1%D0%BB%D1%8E%D0%B4%D1%8F%D0%BD%D1%81%D0%BA%D0%B8%D0%B9_%D1%80%D0%B0%D0%B9%D0%BE%D0%BD""]"
s32-a1,train,abstract,Какие общие черты характерны для курганной группировки в Ростовской область?,Курганная группировка характеризуется большим числом курганов и расположена в нескольких районах Ростовской области.,формальный,False,норм,"[""06b228b1db0a07e47cd2"", ""086714eb0d3a1ea924f4""]","[""Культурное наследие России/Ростовская область/Куйбышевский район"", ""Культурное наследие России/Ростовская область/Боковский район""]","[""|lat= |long= |precise=\n|name=Курганная группа «Лозовой III» (3 кургана)\n|knid=6133681000\n|knid-new=611640506560006\n|region=ru-ros |district=Куйбышевский район\n|municipality=Куйбышево |munid=Q4245596\n|address=3,5 км к северо-востоку\n|year= |description=\n|image=\n|wdid=\n|wiki=\n|commonscat= |protection=Ф\n|document=d21021997\n}}\n{{monument|type=archeology |status=\n|lat= |long= |precise=\n|name=Курганная группа «Каменка I» (7 курганов)\n|knid=6133682000\n|knid-new=611640506790006\n|region=ru-ros |district=Куйбышевский район\n|municipality=Куйбышево |munid=Q4245596\n|address=5,0 км к северо-востоку\n|year= |description=\n|image=\n|wdid=\n|wiki=\n|commonscat= |protection=Ф\n|document=d21021997\n}}\n{{monument|type=archeology |status=\n|lat= |long= |precise=\n|name=Курганная группа «Каменка II» (3 кургана)\n|knid=6133683000\n|knid-new=\n|region=ru-ros |district=Куйбышевский район\n|municipality=Куйбышево |munid=Q4245596\n|address=3,5 км к северо-востоку\n|year= |description=\n|image=\n|wdid=\n|wiki=\n|commonscat= |protection=Ф\n|document=d21021997\n}}\n{{monument|type=archeology |status=\n|lat= |long= |precise=\n|name=Курганная группа «Каменка III» (7 курганов)\n|knid=6133684000\n|knid-new=611640506780006\n|region=ru-ros |district=Куйбышевский район\n|municipality=Куйбышево |munid=Q4245596\n|address=4,0 км к северо-северо-востоку\n|year= |description=\n|image=\n|wdid=\n|wiki=\n|commonscat= |protection=Ф\n|document=d21021997\n}}\n{{monument|type=archeology |status=\n|lat= |long= |precise=\n|name=Курганная группа «Каменка IV» (3 кургана)\n|knid=6133685000\n|knid-new=611640506750006\n|region=ru-ros |district=Куйбышевский район\n|municipality=Куйбышево |munid=Q4245596\n|address=4,0 км к северо-северо-востоку\n|year= |description=\n|image=\n|wdid=\n|wiki=\n|commonscat= |protection=Ф\n|document=d21021997\n}}\n"", ""|year= |author=\n|style=\n|description=\n|image=\n|wdid=\n|wiki=\n|commonscat= |protection=Ф\n|document=d21021997\n}}\n{{monument|type=archeology |status=\n|lat= |long= |precise=\n|name=Курган «Попов V»\n|knid=6131987000\n|knid-new=611640453050006\n|region=ru-ros |district=Боковский район\n|municipality=Попов |munid=Q4372636\n|address=4,0 км к ЮЗ от хутора\n|year= |author=\n|style=\n|description=\n|image=\n|wdid=\n|wiki=\n|commonscat= |protection=Ф\n|document=d21021997\n}}\n{{monument|type=archeology |status=\n|lat= |long= |precise=\n|name=Курган «Попов VI»\n|knid=6131988000\n|knid-new=611640453070006\n|region=ru-ros |district=Боковский район\n|municipality=Попов |munid=Q4372636\n|address=4,3 км к ЮЮЗ от хутора\n|year= |author=\n|style=\n|description=\n|image=\n|wdid=\n|wiki=\n|commonscat= |protection=Ф\n|document=d21021997\n}}\n{{monument|type=archeology |status=\n|lat= |long= |precise=\n|name=Курганная группа «Попов VII» (3 кургана)\n|knid=6131989000\n|knid-new=611640453090006\n|region=ru-ros |district=Боковский район\n|municipality=Попов |munid=Q4372636\n|address=2,9 км к Ю от хутора\n|year= |author=\n|style=\n|description=\n|image=\n|wdid=\n|wiki=\n|commonscat= |protection=Ф\n|document=d21021997\n}}\n{{monument|type=archeology |status=\n|lat= |long= |precise=\n|name=Курган «Разметный II»\n|knid=6131990000\n|knid-new=611640453100006\n|region=ru-ros |district=Боковский район\n|municipality=Разметный |munid=Q4388651\n|address=1,7 км к ЮВ от хутора\n|year= |author=\n|style=\n|description=\n|image=\n|wdid=\n|wiki=\n|commonscat= |protection=Ф\n|document=d21021997\n}}\n{{monument|type=archeology |status=\n|lat= |long= |precise=\n|name=Курганная группа «Вороний» (2 кургана)\n|knid=6131991000\n|knid-new=611640449240006\n|region=ru-ros |district=Боковский район\n|municipality=Рогожкин |munid=Q4395577\n|address=1,3 км к С от хутора\n|year= |author=\n|style=\n""]","[""Курганная группа «Каменка III» (7 курганов)"", ""Курганная группа «Попов VII» (3 кургана)""]","[""https://ru.wikivoyage.org/wiki/%D0%9A%D1%83%D0%BB%D1%8C%D1%82%D1%83%D1%80%D0%BD%D0%BE%D0%B5_%D0%BD%D0%B0%D1%81%D0%BB%D0%B5%D0%B4%D0%B8%D0%B5_%D0%A0%D0%BE%D1%81%D1%81%D0%B8%D0%B8/%D0%A0%D0%BE%D1%81%D1%82%D0%BE%D0%B2%D1%81%D0%BA%D0%B0%D1%8F_%D0%BE%D0%B1%D0%BB%D0%B0%D1%81%D1%82%D1%8C/%D0%9A%D1%83%D0%B9%D0%B1%D1%8B%D1%88%D0%B5%D0%B2%D1%81%D0%BA%D0%B8%D0%B9_%D1%80%D0%B0%D0%B9%D0%BE%D0%BD"", ""https://ru.wikivoyage.org/wiki/%D0%9A%D1%83%D0%BB%D1%8C%D1%82%D1%83%D1%80%D0%BD%D0%BE%D0%B5_%D0%BD%D0%B0%D1%81%D0%BB%D0%B5%D0%B4%D0%B8%D0%B5_%D0%A0%D0%BE%D1%81%D1%81%D0%B8%D0%B8/%D0%A0%D0%BE%D1%81%D1%82%D0%BE%D0%B2%D1%81%D0%BA%D0%B0%D1%8F_%D0%BE%D0%B1%D0%BB%D0%B0%D1%81%D1%82%D1%8C/%D0%91%D0%BE%D0%BA%D0%BE%D0%B2%D1%81%D0%BA%D0%B8%D0%B9_%D1%80%D0%B0%D0%B9%D0%BE%D0%BD""]"
s36-a0,train,abstract,Какие общие аспекты подчеркиваются в культурном наследии регионах Оренбурга и Пскова?,"Оба региона включают братские могилы, связанные с военными действиями в годы Гражданской войны и Великой Отечественной войны. Также оба имеют исторические достопримечательности, такие как церкви.",формальный,False,норм,"[""07ef7188fde6dd51224a"", ""07a8fd846f24f3a60c10""]","[""Культурное наследие России/Оренбургская область/Кувандыкский район"", ""Культурное наследие России/Псковская область/Дновский район""]","[""|wiki= \n|commonscat= Intercession Church, Podgornoye\n|link=\n|sobory= 40729 |document=d06101998\n}}\n{{monument |type= history\n|lat= |long= |precise= \n|name= Могила командира красноармейского отряда Руденского, погибшего за власть советов |knid= 5600132000 |knid-new=561610435020005\n|region= ru-ore |district= Кувандыкский район\n|municipality= Сара |munid= \n|address= улица Надежды, 18А\n|description= \n|image= \n|wdid= \n|wiki= \n|commonscat= \n|link= |document=d13051987\n}}\n{{monument |type= history\n|lat= |long= |precise= \n|name= Братская могила красноармейцев, погибших в бою с дутовцами |knid= 5600131000 |knid-new=561610435030005\n|region= ru-ore |district= Кувандыкский район\n|municipality= Сара |munid= \n|address= улица Райская, 23А\n|description= \n|image= \n|wdid= \n|wiki= \n|commonscat= \n|link= |document=d13051987\n}}\n{{monument |type= history\n|lat= |long= |precise= \n|name= Братская могила красноармейцев, погибших в бою с дутовцами |knid= 5600133000 \n|region= ru-ore |district= Кувандыкский район\n|municipality= Сарбай |munid= \n|address= \n|description= \n|image= \n|wdid= \n|wiki= \n|commonscat= \n|link= |document=d13051987\n}}\n{{monument |type= history\n|lat= |long= |precise= \n|name= Братская могила красноармейцев, погибших в боях с дутовцами |knid= 5600134000 |knid-new=561610434430005\n|region= ru-ore |district= Кувандыкский район\n|municipality= Чеботарево |munid= \n|address= улица Центральная, 7А\n|description= \n|image= \n|wdid= \n|wiki= \n|commonscat= \n|link= |document=d13051987\n}}\n{{monument |type= history\n|lat= |long= |precise= \n|name= Братская могила 14 красноармейцев, погибших в бою с бандитами |knid= 5600135000 |knid-new=561610434490005\n|region= ru-ore |district= Кувандыкский район\n|municipality= Чукари-Ивановка |munid= \n|address= улица Базарная, 8А\n|description= \n|image= \n|wdid= \n|wiki= \n"", ""|region= ru-psk |district= Дновский район\n|municipality= Морино |munid= Q4302730\n|address= \n|year= 1869 |author= \n|description= \n|image= \n|wdid= \n|wiki= \n|commonscat= |protection= Р\n|link= \n|sobory= 11442\n}}\n{{monument |type= history |status= \n|lat= |long= |precise= no\n|name= Братская могила советских воинов, погибших в боях с фашистами\n|knid= 6000286000\n|knid-new= 601610682970005\n|region= ru-psk |district= Дновский район\n|municipality= Морино |munid= Q4302730\n|address= у станции\n|year= |author= \n|description= \n|image= \n|wdid= \n|wiki= \n|commonscat= |protection= Р\n|link= \n}}\n{{monument |type= history |status= \n|lat= |long= |precise= no\n|name= Братская могила советских воинов, погибших в боях с фашистами\n|knid= 6000287000\n|knid-new= 601610683090005\n|region= ru-psk |district= Дновский район\n|municipality= Морино |munid= Q4302730\n|address= центр деревни\n|year= |author= \n|description= \n|image= \n|wdid= \n|wiki= \n|commonscat= |protection= Р\n|link= \n}}\n==Р==\n{{monument |type= architecture\n|lat= 57.83211 |long= 30.45481 |precise= yes\n |name= Церковь Николая Чудотворца |knid= 6040010000\n|region= ru-psk |district= Дновский район\n|municipality= Рвы |munid= Q4391419\n|year= 1846\n|image= \n|wdid= \n|wiki= \n|commonscat= \n|link=\n|sobory= 11443\n}}\n{{monument |type= history |status= \n|lat= |long= |precise= no\n|name= Братская могила советских воинов, погибших в боях с фашистами\n|knid= 6000288000\n|knid-new= 601610682980005\n|region= ru-psk |district= Дновский район\n|municipality= Рвы |munid= Q4391419\n|address= \n|year= |author= \n|description= \n|image= \n|wdid= \n|wiki= \n|commonscat= |protection= Р\n|link= \n}}\n==Ю==\n{{monument |type= history |status= \n|lat= |long= |precise= no\n|name= Братская могила советских воинов, погибших в боях с фашистами\n|knid= 6000289000\n|knid-new= 601610682990005\n""]","[""Братская могила красноармейцев, погибших в бою с дутовцами"", ""Братская могила советских воинов, погибших в боях с фашистами""]","[""https://ru.wikivoyage.org/wiki/%D0%9A%D1%83%D0%BB%D1%8C%D1%82%D1%83%D1%80%D0%BD%D0%BE%D0%B5_%D0%BD%D0%B0%D1%81%D0%BB%D0%B5%D0%B4%D0%B8%D0%B5_%D0%A0%D0%BE%D1%81%D1%81%D0%B8%D0%B8/%D0%9E%D1%80%D0%B5%D0%BD%D0%B1%D1%83%D1%80%D0%B3%D1%81%D0%BA%D0%B0%D1%8F_%D0%BE%D0%B1%D0%BB%D0%B0%D1%81%D1%82%D1%8C/%D0%9A%D1%83%D0%B2%D0%B0%D0%BD%D0%B4%D1%8B%D0%BA%D1%81%D0%BA%D0%B8%D0%B9_%D1%80%D0%B0%D0%B9%D0%BE%D0%BD"", ""https://ru.wikivoyage.org/wiki/%D0%9A%D1%83%D0%BB%D1%8C%D1%82%D1%83%D1%80%D0%BD%D0%BE%D0%B5_%D0%BD%D0%B0%D1%81%D0%BB%D0%B5%D0%B4%D0%B8%D0%B5_%D0%A0%D0%BE%D1%81%D1%81%D0%B8%D0%B8/%D0%9F%D1%81%D0%BA%D0%BE%D0%B2%D1%81%D0%BA%D0%B0%D1%8F_%D0%BE%D0%B1%D0%BB%D0%B0%D1%81%D1%82%D1%8C/%D0%94%D0%BD%D0%BE%D0%B2%D1%81%D0%BA%D0%B8%D0%B9_%D1%80%D0%B0%D0%B9%D0%BE%D0%BD""]"
s16-a2,train,composite,Какой способ регистрации иностранцев используют в Китае и Японии?,"В Китае иностранцы регистрируются в полиции, а в Японии - покупают билеты на поезда.",формальный,False,правильно,"[""0d4a7aaa20acbfaf2433"", ""04f911e24c4f9cb15e52""]","[""Китай"", ""Япония""]","[""'''Регистрация пребывания:''' по закону, иностранцы должны зарегистрироваться в течение 24 ч в городах и в течение 72 ч в сельской местности. На практике это означает, что в гостиницах у вас будут долго и тщательно делать копии паспорта, но никакой специальной бумажки о регистрации не выдадут. Самые дешёвые гостиницы не имеют услуги регистрации и потому не имеют права селить иностранцев. Если вы остановились у знакомых или сняли квартиру, нужно идти регистрироваться в полицию, имея при себе паспорт и договор аренды. Неясно, впрочем, как регистрация контролируется и зачем она вообще нужна: на выезде из Китая её обычно не проверяют.\n\nПо закону иностранцы обязаны носить с собой паспорт, хотя вероятность того, что на улице у вас проверят документы, невелика. Поселиться в гостиницу без паспорта невозможно. В других случаях (покупка билета на поезд, бесплатный проход в музей) подойдёт любая карточка с номером и фотографией: она напоминает китайские ID, а понять, что написано на карточке, подавляющее большинство китайцев всё равно не сможет.\n\n== Транспорт ==\nКитай — страна большая, и с непростой логистикой. Хотя скоростные железные дороги и многочисленные ночные поезда здорово упрощают жизнь путешественнику, поездки по Китаю отнимают немало времени. Планируя маршрут, помните о том, что достопримечательности в китайских городах всегда раскиданы по большой территории, а транспортные узлы — вокзалы и автостанции — часто вынесены на окраину. Много времени уходит на перемещения внутри города. На посещение любого, даже маленького города отводите как минимум день. Следующий город может быть в часе езды скоростным поездом, но посмотреть этот город в тот же день вам вряд ли удастся.\n\n=== Карты ===\n"", ""В местных поездах есть только первая составляющая, поэтому купленный билет действует в любом поезде по выбранному маршруту (в течение определённого времени). Чаще всего вы будете просто прикладывать на турникете IC card и садиться в подходящий поезд, а на выходе с карты спишется нужная сумма. \n\nВ скоростных поездах и экспрессах добавляется вторая составляющая, которую нужно покупать под конкретный поезд, а вот без третьей составляющей — бронирования места — можно и обойтись: обычно в поездах есть вагоны с пометкой ''non-reserved'' для пассажиров без бронирования (когда желающих слишком много, можно ехать и стоя: это вполне обычное дело). Бронирование добавляет к цене ¥500-1000 на каждый сегмент маршрута.\n\n'''Покупка билетов''' — одно из самых слабых мест японских железных дорог. Выйти на платформу можно только через турникет, который потребует приложить IC card или вставить бумажный билет. Билетные автоматы есть почти на каждой станции, но они принимают только наличные, а на крупных вокзалах к этим автоматам ещё и выстраиваются километровые очереди. Живые кассы встречаются на крупных станциях JR (в частности, на всех станциях шинкансена) и реже на станциях частных перевозчиков. Кассы могут закрываться в 19-20 часов, хотя поезда ходят до полуночи. Кроме того, если к билетным автоматам стоит очередь, то и в кассу она тоже будет. Часто бывают две очереди: для тех, кто владеет японским, и для тех, кому нужен англоговорящий сотрудник. Если касса находится в отдельном помещении, может оказаться, что очередь движется по номерам, которые надо взять при входе. Единственное преимущество касс над автоматами — возможность оплаты банковской картой, хотя при покупке билета на скоростные поезда часто проще объяснить кассиру, чем автомату, что вам именно нужно. Обычно над автоматами ""]","[""По закону иностранцы обязаны носить с собой паспорт, хотя вероятность того, что на улице у вас проверят документы, невелика. Поселиться в гостиницу без паспорта невозможно. В других случаях (покупка билета на поезд, бесплатный проход в музей) подойдёт любая карточка с номером и фотографией: она напоминает китайские ID, а понять, что написано на карточке, подавляющее большинство китайцев всё равно не сможет."", ""В скоростных поездах и экспрессах добавляется вторая составляющая, которую нужно покупать под конкретный поезд, а вот без третьей составляющей — бронирования места — можно и обойтись: обычно в поездах есть вагоны с пометкой ''non-reserved'' для пассажиров без бронирования (когда желающих слишком много, можно ехать и стоя: это вполне обычное дело).""]","[""https://ru.wikivoyage.org/wiki/%D0%9A%D0%B8%D1%82%D0%B0%D0%B9"", ""https://ru.wikivoyage.org/wiki/%D0%AF%D0%BF%D0%BE%D0%BD%D0%B8%D1%8F""]"
s17-a1,train,composite,"Опиши, как Северный Казахстан и Верховье Дона похожи друг на друга.","Оба региона имеют историческую и культурную значимость. Они оба расположены на реках, имеют уникальные природные и культурные достопримечательности. Например, в Северном Казахстане есть Нур-Султан, а в Верховье Дона — Куликово поле.",разговорный,False,вроде норм,"[""04b29d1b4dcf1f7b8985"", ""05c55c1a66267c731139""]","[""Северный Казахстан"", ""Верховья Дона""]","[""{{pagebanner}}\n'''Северный Казахстан''' охватывает территорию Акмолинской, Костанайской, Павлодарской и, как нетрудно догадаться, Северо-Казахстанской областей. Регион разделяет [[Сибирь]] и [[Великая Степь|Великую Степь]], сочетая старые города, сохранившие памятники времён Российской империи, с выстроенной с нуля посреди степей городом Нур-Султан — новой столицей Казахстана.\n{{geo|52.696361|67.185058|map=region|zoom=6}}\n\n==Понять==\n{{regionbar\n| region= Северный Казахстан\n| regionlocal= \n| arm = \n| location = \n| website = \n| image=Naurzum_nature_reserve.JPG \n| caption = \n}}\n\n==Регионы==\n* Акмолинская область\n\n==Города==\n\n* '''[[Астана]]''' — двуликий столичный город, совместивший пафосную современную архитектуру с остатками советского Целинограда\n* '''[[Аркалык]]''' — центр добычи бокситов, депрессивный и удалённый от транспортных путей город с интересным краеведческим музеем\n* '''[[Кокшетау]]''' — уютный город с сохранившейся дореволюционной застройкой и озером; столица Акмолинской области\n* '''[[Костанай]]''' — симпатичный и уютный, но небогатый на достопримечательности областной центр\n* '''[[Павлодар]]''' — ещё один областной центр, богатый на аутентичные дореволюционные здания\n* '''[[Петропавловск]]''' — самый северный и самый сибирский город Казахстана; здесь проходит южная ветка Транссиба и множество транзитных поездов из России\n* '''[[Щучинск]]''' — ворота национального парка [[Боровое]]\n* '''[[Экибастуз]]''' — центр добычи угля, знаменитый самой высокой в мире трубой, а также как место заключения Солженицына, давшее основу «Одному дню Ивана Денисовича»\n\n==Другие места назначения==\n\n* '''[[Акмол]] / Малиновка''' — мемориал на месте Акмолинского лагеря жён изменников родины\n"", ""{{pagebanner}}\nРегион '''Верховья Дона''' находится в [[Тульская область|Тульской области]].\n\nЮго-восточная часть области с историческим Куликовым полем, великолепными лесостепными ландшафтами и скалистыми берегами реки Красивая Меча. \n{{geo|53.47987|38.12531|map=region|zoom=9}}\n\n==Понять==\n{{regionbar\n| region= Верховья Дона\n| regionlocal= \n| arm = \n| location = \n| website = \n| image= \n| caption = \n}}\nВ верхнем течении Дона располагаются следующие районы Тульской области: Кимовский, Куркинский, Богородицкий, Ефремовский, Воловский, Каменский и Тёпло-Огарёвский.\n\n==Города и посёлки==\n[[Image:Upper_Don_map_ru.png|thumb|350px|Карта региона]]\n* '''[[Богородицк]]''' — небольшой городок с оригинальной усадьбой XVIII века\n* '''[[Епифань]]''' — бывший уездный город на историческом Ивановском канале, впервые соединившем Волгу и Дон\n* '''[[Ефремов]]''' — древний город Засечной черты, ставший в XX веке центром химической промышленности\n* '''[[Кимовск]]''' — один из центров добычи бурого угля \n\n==Другие места назначения==\n* '''Ишутинское городище''' — великолепный скалистый уступ на берегу реки Красивая Меча\n* '''[[Куликово поле]]''' — мемориал на месте Куликовской битвы\n\n==Как добраться==\n\n''См. [[Тульская область]]''\n\n==Транспорт==\n\n==Достопримечательности==\n\n* '''Мемориал Куликовской битвы''' на [[Куликово поле|Куликовом поле]]\n\n* '''Музей И.А. Бунина''' в [[Ефремов]]е\n\n* '''Скалистые берега''' реки Красивая Меча, в том числе [[Ишутинское городище]]\n\n* '''Усадьба Бобринских''' в [[Богородицк]]е\n\n* '''Храмы''' [[Епифань|Епифани]]\n\n==Чем заняться==\n\n===Маршруты===\n\n==Еда==\n\n==Ночная жизнь==\n\n==Меры предосторожности==\n\n\n{{footer|ispartof=Тульская область|type=Регион|status=Скелет}}""]","[""Регион разделяет [[Сибирь]] и [[Великая Степь|Великую Степь]], сочетая старые города, сохранившие памятники времён Российской империи, с выстроенной с нуля посреди степей городом Нур-Султан — новой столицей Казахстана."", ""В верхнем течении Дона располагаются следующие районы Тульской области: Кимовский, Куркинский, Богородицкий, Ефремовский, Воловский, Каменский и Тёпло-Огарёвский.""]","[""https://ru.wikivoyage.org/wiki/%D0%A1%D0%B5%D0%B2%D0%B5%D1%80%D0%BD%D1%8B%D0%B9_%D0%9A%D0%B0%D0%B7%D0%B0%D1%85%D1%81%D1%82%D0%B0%D0%BD"", ""https://ru.wikivoyage.org/wiki/%D0%92%D0%B5%D1%80%D1%85%D0%BE%D0%B2%D1%8C%D1%8F_%D0%94%D0%BE%D0%BD%D0%B0""]"
s18-a2,train,composite,Опишите достопримечательности Льейды и Светлогорска. Какие различия вы видите?,"Достопримечательности Льейды включают старый собор и королевский дворец. В Светлогорске есть музей Германа Брахерта, кирха и терренкур. Различия в том, что достопримечательности Льейды связаны с каталонской культурой, а Светлогорска – с местной историей и религией.",формальный,False,норм,"[""0e9f98bca22df6912cd7"", ""0f40421693f43ef3b563""]","[""Льейда"", ""Светлогорск (Калининградская область)""]","[""{{pagebanner}}\n'''Льейда''' (также известна как '''Лерида''') находится на западе [[Каталония|Каталонии]] в Испании. Это центр одной из четырёх провинций Каталонии.\n{{geo|41.614|0.620|map=city|zoom=16}}\n\n==Понять==\n{{citybar\n| city= {{PAGENAME}}\n| citylocal= {{lang|ca|Lleida}}\n| arm = \n| image= \n| caption = \n| website = \n| population = \n| callingcode = \n| timezone = \n}}\n{{listing|type=other| lat=41.613680 | long=0.625290 | wdid=\n| name=Туристическая информация | alt=Turisme de Lleida | image=\n| address=Carrer Major 31 | directions=\n| url= | facebook= | vkontakte=\n| phone=\n| email=\n| hours={{hours|Пн|Сб|10||14|}}, {{hours|Пн|Сб|16||19|}}, {{hours|Вс||10||13|30}}, закрыт на Рождество, Пасху и в первую неделю января | price=\n| lastedit=2026-08-22\n| description=Карты города, информация о достопримечательностях и мероприятиях, сувениры и всевозможные заказы экскурсий, если вам это нужно\n}}\n\n==Как добраться==\n\n===На самолёте===\n\n===На поезде===\n\n===На автомобиле===\n\n===На автобусе===\n\n==Транспорт==\n\n==Достопримечательности==\n\n{{listing|type=see| lat=41.617752 | long=0.626682 | wdid=Q2204013\n| name=Старый собор | alt=La Seu Vella | image=\n| address= | directions=\n| url= | facebook= | vkontakte=\n| phone=\n| email=\n| hours= | price=\n| lastedit=2026-08-22\n| star=yes\n| description=\n}}\n{{listing|type=see| lat=41.618655 | long=0.626079 | wdid=Q8342373\n| name= Королевский дворец - Ла Суда| alt=Castell del Rei-La Suda | image=\n| address= | directions=\n| url= | facebook= | vkontakte=\n| phone=\n| email=\n| hours= | price=\n| lastedit=2026-08-22\n| description=\n}}\n{{listing|type=see| lat=41.608498 | long=0.614607 | wdid=Q3001622\n| name=Замок Гардени | alt=Castell de Gardeny | image=\n| address= | directions=\n| url= | facebook= | vkontakte=\n| phone=\n| email=\n| hours= | price=\n"", ""| url= | facebook= | vkontakte=\n| phone=\n| email=\n| hours= | price=\n| lastedit=2021-08-30\n| description=\n}}\n{{listing|type=see | name=Переулок Гофмана и Долина сказок | alt= | url= | email= | address= | lat= | long= | directions= | phone= | fax= | hours= | price= | description= }}\n{{listing|type=see | name=Памятник академику Павлову | alt= | url= | email= | address=ул. Гагарина | lat=54.94169 | long=20.15760 | directions= | phone= | fax= | hours= | price= | description= }}\n{{listing|type=see| lat=54.940686 | long=20.116385 | wdid=\n| name=Музей Германа Брахерта | alt= | image=Hermann Brachert Museum Otradnoje, drawing.jpg\n| address=г.Светлогорск, п.Отрадное, ул.Токарева, 7 | directions=\n| url= | facebook= | vkontakte=https://vk.com/brachert\n| phone=+7 40153 2 11 66\n| email=brachert@mail.ru\n| hours=10:00-17:00 (сентябрь-май), 10:00-19:00 (июнь-август), без выходных | price=80₽\n| lastedit=2025-02-12\n| description=\n}}\n{{listing|type=see| lat=54.94069 | long=20.16254 | wdid=\n| name=Кирха | alt= | image=\n| address= | directions=\n| url= | facebook= | vkontakte=\n| phone=\n| email=\n| hours= | price=\n| lastedit=2021-08-30\n| description=Здание находится в дачном квартале внутри небольшого парка. Внутри православная церковь\n}}\n{{listing|type=see| lat=54.944006 | long=20.153629 | wdid=\n| name=Терренкур | alt= | image=\n| address= | directions=перекрёсток ул. Октябрьская и Ленина\n| url= | facebook= | vkontakte=\n| phone=\n| email=\n| hours= | price=\n| lastedit=2023-03-10\n| description=Схема Светлогорска с маршрутами на фасаде дома.\n}}\n\n{{listing|type=see| lat=54.939584 | long=20.156937 | wdid=\n| name=Дом Гильберта | alt= | image=\n| address=ул. Гагарина, 5 | directions=\n| url= | facebook= | vkontakte=\n| phone=\n| email=\n| hours= | price=\n| lastedit=2023-03-10\n""]","[""Старый собор"", ""Музей Германа Брахерта""]","[""https://ru.wikivoyage.org/wiki/%D0%9B%D1%8C%D0%B5%D0%B9%D0%B4%D0%B0"", ""https://ru.wikivoyage.org/wiki/%D0%A1%D0%B2%D0%B5%D1%82%D0%BB%D0%BE%D0%B3%D0%BE%D1%80%D1%81%D0%BA_%28%D0%9A%D0%B0%D0%BB%D0%B8%D0%BD%D0%B8%D0%BD%D0%B3%D1%80%D0%B0%D0%B4%D1%81%D0%BA%D0%B0%D1%8F_%D0%BE%D0%B1%D0%BB%D0%B0%D1%81%D1%82%D1%8C%29""]"
s00-a1,train,factual,Когда были построены Архимандричьи кельи?,1683-1686 гг.,формальный,False,ответ корректный,"[""01db1ca0cafd99924c3f""]","[""Культурное наследие России/Ленинградская область/Тихвин""]","[""|lat= 59.652602 |long= 33.520411 |precise= yes\n|name= Трапезная палата с церковью Покрова Божьей Матери |knid= 4710153022 |complex= 4710153000\n|region= ru-len |district= Тихвинский район\n|municipality= Тихвин |munid= Q15336\n|address= Тихвинская улица, 1 cтроение 8 \n|year= 1581-1583 гг., 1661-1662 гг., 1760 г.\n|description= \n|image= Tihvin Leningradskaia obl May2010 801.jpg\n|wdid= Q107135983\n|wiki= \n|commonscat= Tikhvinsky Monastery (Tikhvin)\n|link= \n|protection=Ф\n|sobory= 05269\n|document= d30081960\n}}\n{{monument |type= architecture\n|lat= 59.652943 |long=33.519602 |precise= yes\n|name= Архимандричьи кельи |knid= 4710153008 |complex= 4710153000\n|region= ru-len |district= Тихвинский район\n|municipality= Тихвин |munid= Q15336\n|address= Тихвинская улица, 1 строение 9 \n|year= 1683-1686 гг.\n|description= В здании располагается музей\n|image= Tikhvin museum 02.JPG\n|wdid= Q107135966\n|wiki= \n|commonscat= Tikhvinsky Monastery (Tikhvin)\n|link= \n|protection=Ф\n|document= d30081960\n}}\n{{monument |type= architecture\n|lat=59.653127 |long= 33.519545 |precise= yes\n|name= Святые ворота с церковью Вознесения Господня |knid= 4710153020 |complex= 4710153000\n|region= ru-len |district= Тихвинский район\n|municipality= Тихвин |munid= Q15336\n|address= Тихвинская улица, 1 cтроение 9 \n|year= 1591-1592 гг., 1661-1662 гг., 1770-е гг.\n|description= \n|image= Bolshoy Tikhvinskiy Uspenskiy monastyr 1.JPG\n|wdid= Q107135979\n|wiki= \n|commonscat= Church of the Ascension of Christ (Gate church) of Tikhvinsky Monastery\n|link= \n|protection=Ф\n|sobory= 05270\n|document= d30081960\n}}\n{{monument |type= architecture\n|lat= 59.653332 |long= 33.519407 |precise= yes\n|name= Келарские кельи |knid= 4710153012 |complex= 4710153000\n|region= ru-len |district= Тихвинский район\n|municipality= Тихвин |munid= Q15336\n""]","[""1683-1686 гг.""]","[""https://ru.wikivoyage.org/wiki/%D0%9A%D1%83%D0%BB%D1%8C%D1%82%D1%83%D1%80%D0%BD%D0%BE%D0%B5_%D0%BD%D0%B0%D1%81%D0%BB%D0%B5%D0%B4%D0%B8%D0%B5_%D0%A0%D0%BE%D1%81%D1%81%D0%B8%D0%B8/%D0%9B%D0%B5%D0%BD%D0%B8%D0%BD%D0%B3%D1%80%D0%B0%D0%B4%D1%81%D0%BA%D0%B0%D1%8F_%D0%BE%D0%B1%D0%BB%D0%B0%D1%81%D1%82%D1%8C/%D0%A2%D0%B8%D1%85%D0%B2%D0%B8%D0%BD""]"
s06-a1,train,factual,Куда относится административный центр Шумерлинского района?,Шумерля,формальный,False,ответ корректный,"[""0be8eea5b9207b769f88""]","[""Шумерля""]","[""{{pagebanner}}\n'''Шумерля''' находится в [[Чувашия|Чувашии]].\n{{geo|55.500168|46.411330|map=city|zoom=14}}\n\n==Понять==\n{{citybar\n| city= Шумерля\n| citylocal= {{lang|cv|Çĕмĕрле}}\n| arm = Shumerlya COA (2019).png\n| image= Шумерля, улица Ленина, 22.jpg\n| caption = Улица Ленина\n| website = https://gshum.cap.ru/\n| population = \n| callingcode = \n| timezone = \n| monumentlist= Чувашия/Шумерлинский_район  \n| naturelist= Чувашия#Шумерлинский район\n}}\n\nЯвляется административным центром Шумерлинского района. \n==Как добраться==\n\n===На самолёте===\nСамолётом в аэропорт Чебоксары (CSY), затем 90 км на автомобиле или автобусе\n===На поезде===\n{{listing|type=go| lat=55.490719 | long=46.411021 |wdid=Q19915886\n| name=Станция Шумерля | alt= | image=ShumerlyaRailwayStation (3).jpg\n| address=ул. Привокзальная, 3 | directions=\n| url= | facebook= | vkontakte=\n| phone= | email= \n| hours= | price=\n| lastedit=2023-01-21\n| description=\n}} \n===На автобусе===\n===На автомобиле===\n\n===На корабле===\n\n==Транспорт==\nОбщественный транспорт представлен автобусами.\n==Достопримечательности==\n{{listing|type=see| lat=55.511552 | long=46.428241 |wdid=\n| name=Церковь Серафима Саровского | alt= | image=\n| address=ул. Фрунзе, 78А | directions=\n| url= | facebook= | vkontakte=\n| phone= | email= \n| hours= | price=\n| lastedit=2023-01-21\n| description=\n}}\n*Мемориал в память о погибших во время ВОВ\n*Паровоз возле вокзала\n*Монумент с планером Г-11\n==Чем заняться==\n{{listing|type=do| lat=55.499954| long= 46.405289 |wdid=\n| name=Историко-краеведческий музей | alt= | image=\n| address=ул. Ленина, 17 | directions=\n| url= | facebook= | vkontakte=\n| phone= | email= \n| hours= | price=\n| lastedit=2023-01-21\n| description=Экспозиции музея рассказывают об истории и развитии города, быте и традициях местных жителей. \n}}\n""]","[""Является административным центром Шумерлинского района.""]","[""https://ru.wikivoyage.org/wiki/%D0%A8%D1%83%D0%BC%D0%B5%D1%80%D0%BB%D1%8F""]"
s08-a1,train,factual,Какое событие привлекает множество посетителей на аэродроме Кубинка?,Показательные полёты и выставки летательных аппаратов для всех желающих.,формальный,False,правильно,"[""01dbf626d3b9330822dc""]","[""Кубинка""]","[""| description=Военный аэродром Кубинка является базой для известных авиационных групп высшего пилотажа «Стрижи» и «Русские Витязи» - их тренировочные полёты на МиГ-29 и Су-35, соответственно, можно часто наблюдать в обычные дни в Кубинке и её окрестностях. Во время праздников и военных форумов на аэродроме проходят показательные полёты  и выставки летательных аппаратов для всех желающих. Так, полёты военных лётчиков на боевых самолётах и вертолётах можно бесплатно наблюдать во время международного форума «Армия», который традиционно проводится в августе. Добраться до аэродрома можно на личном автотранспорте или бесплатных автобусах от станции Кубинка-1, которые курсируют с интервалом в 10 минут во время ежегодного форума «Армия». У входа на аэродром можно увидеть памятник первооткрывателям реактивной авиации, выполненный в виде взлетающего истребителя МиГ 17, открытый в августе 2007 к 65-летию со дня образования 16-й Воздушной Армии. В настоящее время аэродром  входит в состав парка Патриот.\n}}\n[[Файл:TankBiathlon2018-47.jpg |мини|upright 1.35|Танковый биатлон на полигоне Алабино]]\n{{listing|type=do| lat=55.540807| long=36.923986 |wdid=\n| name=Военный полигон Алабино| alt= | image=TankBiathlon2018-47.jpg\n| address= | directions=\n| url= | facebook= | vkontakte=\n| phone= | email= \n| hours= | price=600 руб\n| lastedit=2020-08-19\n""]","[""Так, полёты военных лётчиков на боевых самолётах и вертолётах можно бесплатно наблюдать во время международного форума «Армия», который традиционно проводится в августе.""]","[""https://ru.wikivoyage.org/wiki/%D0%9A%D1%83%D0%B1%D0%B8%D0%BD%D0%BA%D0%B0""]"
s09-a2,train,factual,Какой паром курсирует из Корсакова в Японию?,Elins Soya,разговорный,False,правильно,"[""0649a9664af1bddf83a1""]","[""Корсаков""]","[""=== На пароме ===\nПаромная линия на [[Вакканай]], ([[Хоккайдо]]) закрыта в 2019 году <!--\n[[Файл:Eins Soya ferry.JPG|thumb|250px|Паром Elins Soya курсирует из Корсакова в Японию.]]\nПаром на [[Вакканай]], ([[Хоккайдо]]) в основном служит для перевозки техники, но берет и пассажиров. Навигация продолжается с конца мая-начала июня до конца сентября-начала октября и каждый год меняется в зависимости от ледостава. Билеты можно купить на первом этаже трехэтажного здания управления рядом с терминалом. Сам паром обслуживается японской компанией Heartland Ferry. [http://www.heartlandferry.jp/english/] Отправление осуществляется с Южного порта Морвокзала.-->\n\n* [[Файл:Korsakov port 2022-08 3.jpg|мини|Пассажирская часть порта Корсаков, вид от памятника корейцам]][[Южно-Курильск]], [[Курилы]] — в этом направлении отправляется пассажирские теплоходы ''Игорь Фархутдинов'' и другой, в 2024 году ходит по расписанию.\n\n* Есть возможность уплыть на материк, но опять же расписание недоступно. Лучше всего воспользоваться регулярными рейсами из [[Холмск]]а.\n\n== Транспорт ==\nГородок небольшой, поэтому его можно пройти пешком. Есть маршрутки и такси. Основная улица — Советская, которую пересекают улицы поменьше. Соседние поселки доступны на автобусах.[http://korsakov.sakh.ru/rus/bus_schedule.shtml]{{Недоступная ссылка|date=ноября 2023 |bot=InternetArchiveBot |fix-attempted=yes }}\n\n== Достопримечательности ==\n[[Файл:Korsakov city center aerial view 2022-08.jpg|мини|Вид на центр Корсакова у порта с горы]]\n{{listing|type=see| lat=46.62827 | long=142.769591 | wdid=\n| name=Смотровая площадка на горе | alt= | image=\n| address= | directions=Удобный подъезд на авто, пешком проход по грейдеру\n| url= | facebook= | vkontakte=\n| phone=\n| email=\n| hours= | price=\n| lastedit=2024-09-06\n""]","[""Паром на [[Вакканай]], ([[Хоккайдо]]) в основном служит для перевозки техники, но берет и пассажиров. Навигация продолжается с конца мая-начала июня до конца сентября-начала октября и каждый год меняется в зависимости от ледостава. Билеты можно купить на первом этаже трехэтажного здания управления рядом с терминалом. Сам паром обслуживается японской компанией Heartland Ferry. [http://www.heartlandferry.jp/english/]""]","[""https://ru.wikivoyage.org/wiki/%D0%9A%D0%BE%D1%80%D1%81%D0%B0%D0%BA%D0%BE%D0%B2""]"
s13-a1,train,factual,На какое время начинается день по Суахили?,День по Суахили начинается в 7:00,разговорный,False,правильно,"[""0437f1f51f3c4981882c""]","[""Суахили разговорник""]","[""; половина :  ('' '')\n; меньше :  ('' '')\n; больше :  ('' '')\n\n===Время===\n\n; сейчас : Sasa (''Саса'')\n; позднее : Baadaye (''Баадайе'')\n; раньше : Kabla ya (''Кабла я'')\n; утро : Asubuhi (''Асубухи'')\n; день : Mchana (''Мчана'')\n; вечер : Jioni (''Йони'')\n; ночь : Usiku (''Усику'')\n; утром :  ('' '')\n; днём :  ('' '')\n; вечером :  ('' '')\n; ночью :  ('' '')\n\n====Часы====\n\nВ Суахили день начинается не с полуночи (00:00), а в 7:00. Дневное время вращается вокруг восхода и захода солнца, которое обычно встает в 7:00 и садится в 19:00 в тех районах, где говорят на Суахили.\n\n; час :  ('saa ' 'saba')\n; два часа :  ('saa' 'nane')\n; три часа :  ('saa' 'tisa')\n; четыре часа :  ('saa' 'kumi')\n; пять часов :  ('saa' 'kumi na moja')\n; шесть часов :  ('saa' 'kumi na mbili')\n; семь часов :  ('saa' 'moja')\n; восемь часов :  ('saa' 'mbili')\n; девять часов :  ('saa' 'tatu')\n; десять часов :  ('saa' 'inne')\n; одиннадцать часов :  (saa'' 'tano')\n; двенадцать часов :  ('saa' 'sita')\n; полдень :  ('' '')\n; полночь :  ('' '')\n; полчаса :  ('saa' 'nanusu')\n\n====Длительность====\n\n; _____ минута/минуты/минут : _____ ('' '')\n; _____ день/дня/дней : _____ ('' '')\n; _____ неделя/недели/недель : _____ ('' '')\n; _____ месяц/месяца/месяцев : _____ ('' '')\n; _____ год/года/лет : _____ ('' '')\n\n====Дни недели====\n\nВ Суахили первый день недели - суббота (jumamoshi). Это название происходит от слова \""juma\"" (неделя) и moshi (первый).\n\n; сегодня : ('' '')\n; вчера : ('' '')\n; завтра : ('' '')\n; на этой неделе : ('' '')\n; на прошлой неделе : ('' '')\n; на следующей неделе : ('' '')\n; понедельник : Jumatatu (''Джуматату'')\n; вторник : Jumanne (''Джуманне'')\n; среда : Jumatano (''Джуматано'')\n; четверг : Alhamisi (''Алхамиси'')\n; пятница : Ijumaa (''Ийумаа'')\n; суббота : Jumamoshi (''Джумамоши'')\n""]","[""В Суахили день начинается не с полуночи (00:00), а в 7:00.""]","[""https://ru.wikivoyage.org/wiki/%D0%A1%D1%83%D0%B0%D1%85%D0%B8%D0%BB%D0%B8_%D1%80%D0%B0%D0%B7%D0%B3%D0%BE%D0%B2%D0%BE%D1%80%D0%BD%D0%B8%D0%BA""]"
s40-a1,train,negative,Какая из апарт-гостиниц находится ближе к площади Сан Марко?,Недостаточно данных в корпусе,формальный,False,норм,[],[],[],[],[]
s41-a2,train,negative,"В тексте есть упоминание о селище ""Валдалуга 3""?",Недостаточно данных в корпусе,разговорный,False,норм,[],[],[],[],[]
s42-a1,train,negative,В ткесте есть ли упоминание о доме Беляева?,Недостаточно данных в корпусе,формальный,True,норм,[],[],[],[],[]
s44-a2,train,negative,"В указанном тексте есть ли информация о жилом доме по улице Карла Маркса, 50?",Недостаточно данных в корпусе,формальный,False,норм,[],[],[],[],[]
s46-a0,train,negative,В каком районе Московской области находится Монино?,Недостаточно данных в корпусе,формальный,False,норм,[],[],[],[],[]
s49-a2,train,negative,В каком разделе списка культурного наследия указаны населенные пункты Нерчинского района?,Недостаточно данных в корпусе,разговорный,False,норм,[],[],[],[],[]
